[
    {
        "id": 1,
        "nome": "celular",
        "valor": 1500
    },
    {
        "id": 2,
        "nome": "geladeira",
        "valor": 1300
    },
    {
        "id": 3,
        "nome": "Notebook GAMER",
        "valor": 7500
    },
    {
        "id": 5,
        "nome": "Placa de Video",
        "valor": 1200
    },
    {
        "id": 6,
        "nome": "PS5",
        "valor": 4999
    },
    {
        "id": 7,
        "nome": "Microfone",
        "valor": 250
    }
]